{
  "best_params": {
    "n_estimators": 200,
    "learning_rate": 0.02,
    "max_depth": 5,
    "min_child_weight": 1,
    "subsample": 1.0,
    "colsample_bytree": 1.0,
    "reg_alpha": 0.01,
    "reg_lambda": 0.5,
    "gamma": 0.1,
    "scale_pos_weight": 0.8356382978723403
  },
  "val": {
    "accuracy": 0.5391156462585034
  },
  "test": {
    "accuracy": 0.5285714285714286,
    "precision": 0.5716594827586207,
    "recall": 0.6422518159806295,
    "f1": 0.604903078677309,
    "confusion_matrix": [
      [
        493,
        795
      ],
      [
        591,
        1061
      ]
    ]
  },
  "num_rows": 19684,
  "period": "3y"
}