{
  "best_params": {
    "n_estimators": 400,
    "learning_rate": 0.05,
    "max_depth": 5,
    "min_child_weight": 3,
    "subsample": 1.0,
    "colsample_bytree": 0.6,
    "reg_alpha": 0.0,
    "reg_lambda": 1.5,
    "gamma": 0.0
  },
  "train": {
    "rmse": 0.004998769930325392,
    "mae": 0.0036514175962394785,
    "r2": 0.8136637823862759
  },
  "val": {
    "rmse": 0.011135485933562337,
    "mae": 0.007003173434252056,
    "r2": 0.5839970714677458
  },
  "test": {
    "rmse": 0.007700073599408559,
    "mae": 0.005279769008769829,
    "r2": 0.5327907860453688
  },
  "num_rows": 19684,
  "period": "3y",
  "target_horizon_days": 3,
  "splits": {
    "train_frac": 0.7,
    "val_frac": 0.15,
    "test_frac": 0.15
  }
}